md5_value,url
e4827667c7ffe4d00a20c7a2ed6aa633,https://www.17k.com/list/493239.html
96738ea6fa9748a7518e034ea94ffa67,https://www.17k.com/list/3595862.html
0564980c126ae4a3bc8bbedafe4d38f4,https://www.17k.com/list/3597196.html
eb6f64839ef4580f9211b35bd2c8172a,https://www.17k.com/list/3594914.html
27a2e3341e56c6937684d01abf8dbf9f,https://www.17k.com/list/3558189.html
f51d44b37d16ea648b5cf9d471d653a3,https://www.17k.com/list/3574311.html
9ab9af85abbbefbc69bcdeb3015daf26,https://www.17k.com/list/3598115.html
3e8c770b079e814504b21dc912f6639b,https://www.17k.com/list/3390466.html
b9bee9ad3247ec11458f6dcc12e6ac62,https://www.17k.com/list/3491567.html
df1cd74414f35cd6ce8402a4f92df288,https://www.17k.com/list/3592422.html
9628378f44fcd67d187f9c3b99dbf5ad,https://www.17k.com/list/3527076.html
6f663514cdf8a2cfa31691a78b7728b6,https://www.17k.com/list/3595364.html
8b5f147847d8683b3202e32924954fcf,https://www.17k.com/list/3590373.html
3f9ea3eff2e5afca6fe5e25390e0f523,https://www.17k.com/list/3594478.html
f0499b4ae8cad291e8cb0bc10f2db06c,https://www.17k.com/list/3592677.html
19e6cd809ca6737e1c00d53eccf1791a,https://www.17k.com/list/3573145.html
4d3f7c1bda44bb9f4e61d36f98781423,https://www.17k.com/list/117302.html
aa72968f9739a02ebf085581b12ea112,https://www.17k.com/list/3591070.html
e5accafa139dbcf646f8b2472810a2ce,https://www.17k.com/list/3584914.html
64145b6351dcb7a25130db55d97d73ca,https://www.17k.com/list/1469383.html
c5eb5357be0d2066a025ff3fcf26fe89,https://www.17k.com/list/3594971.html
104f31bc455392b421cd17fe79b8b812,https://www.17k.com/list/3596039.html
2c500b4d0428b02e1456413ac8315821,https://www.17k.com/list/3578939.html
78f69d37ae5c449931b8072e28f111a0,https://www.17k.com/list/3066379.html
663dd1f16556cc1c240e66a8ac31d6ce,https://www.17k.com/list/3594291.html
d74ba3a579d4a2b1f9f8ca61cb6fd76f,https://www.17k.com/list/3593549.html
a0c1c53e446e3b84a50c9b89a0713b54,https://www.17k.com/list/3491675.html
bdefe0063867be370e6fa0b5a45a0e05,https://www.17k.com/list/3590649.html
3210a89e4984b3ab63f5cc2571dfb791,https://www.17k.com/list/3592513.html
b2701ebdef18501fce65a75c493b15dd,https://www.17k.com/list/3311720.html
3da7f14ef9255fcfb2ec113373ce2aef,https://www.17k.com/list/2922775.html
8f1e2b40eae36edde7c825130e2b0514,https://www.17k.com/list/3381649.html
bea5065c5b3a4d1660fa63a2238ef1ba,https://www.17k.com/list/3596814.html
4b6b3485e861c625ecd92eb264307314,https://www.17k.com/list/3330702.html
f9288f9d942a66e81d3b20c46ca2d15b,https://www.17k.com/list/3584269.html
2c69354f879c6c0c7cb65238d8b92768,https://www.17k.com/list/3597765.html
7f28b1761c48052fc28a3a68d592abca,https://www.17k.com/list/3598360.html
3b0998ab53dee73138ebb3cead5c0dff,https://www.17k.com/list/3396933.html
0a96a4e566dc08ecc6f5b2acf3c6aff9,https://www.17k.com/list/3565452.html
f7f38af031abee1063abe31e10df8c09,https://www.17k.com/list/3386095.html
6ba133c0df06292dc5102007abf247a7,https://www.17k.com/list/3590392.html
5afa51a5df1eafce0674c8fe22a93f8f,https://www.17k.com/list/3590936.html
09172e6d17bdf47ce11719e0481c9edc,https://www.17k.com/list/3528335.html
c12a78eaa21a80b3cfae554dfce22c16,https://www.17k.com/list/3585624.html
1b7e9d9f0807c6c520db0bd4c199ae49,https://www.17k.com/list/3554763.html
8fcd86a4aa85b816dd7611765fb75e8f,https://www.17k.com/list/3596739.html
1a0f37415a976fb1f1c0e422c14094a0,https://www.17k.com/list/3590207.html
f0ce2d93629e16dd19f8e65415d80d6a,https://www.17k.com/list/3591509.html
41325a33b837148a643e08c815f623d7,https://www.17k.com/list/2098575.html
29d6752c52c2d77c9d5540bc50f55ef5,https://www.17k.com/list/3263310.html
8c06954f634aeaf0f9146dce5906def2,https://www.17k.com/list/3587908.html
06759d7cf5ff5d9d8bb631475a27b7e8,https://www.17k.com/list/21409.html
b493eacd25a9ef95f5ac051aa74e7e3b,https://www.17k.com/list/3181084.html
fd732f3afd10fd92568a7b59dbeb9f74,https://www.17k.com/list/3568962.html
c5ad7d85b5be44443466ad883ae57071,https://www.17k.com/list/3597401.html
347774d3df3aa3e14650f986229c02db,https://www.17k.com/list/3588816.html
63bf0020556b9e8d0e8cf37054d63e9c,https://www.17k.com/list/3586180.html
fabd1589706a47e0c73d302950a8dca2,https://www.17k.com/list/3598300.html
c6b3055bf002dc4a1e850ad7c2639102,https://www.17k.com/list/3538447.html
32a3d6510c338b9e102ad54cdcd63e4e,https://www.17k.com/list/3593541.html
0b42eba862363a0b0d2504209821f58a,https://www.17k.com/list/3592770.html
696469278797a2cafcfec3dba9527115,https://www.17k.com/list/2989.html
f1d974d76b9bdc7ca83672c993cfbe19,https://www.17k.com/list/3588227.html
15e4251c987d876849a27857fbfadb1c,https://www.17k.com/list/3596815.html
e5027d08b17e4531e4dc71f85e6c8e9e,https://www.17k.com/list/1927606.html
8483e8d1965fa6e0e6f256d5fbe81452,https://www.17k.com/list/1867154.html
394da0d1b08e36cf8e7e192649edba65,https://www.17k.com/list/3582492.html
7bdca0271338db35952f916c06a35e42,https://www.17k.com/list/3594663.html
bd748b4a9178c5d2a050d90abce9558e,https://www.17k.com/list/3504772.html
a7d6160b3522d5baf4d6a6472d4d1d22,https://www.17k.com/list/3594303.html
9e33596e39953ab6ac3420d03ebfc437,https://www.17k.com/list/3594495.html
077e559d9e7479231a3de40072650fad,https://www.17k.com/list/3386240.html
b4df6dae9650f46d28e186faf4e35267,https://www.17k.com/list/3258114.html
aedbbca93dac71853f3b384aab50b064,https://www.17k.com/list/3597285.html
5bd3313f9e0e5bf0154d060b1d25f13d,https://www.17k.com/list/3572355.html
f73156215f24c29f2dca57ce96689f49,https://www.17k.com/list/3594162.html
edcfad852b982037b8982f0df952b899,https://www.17k.com/list/3490867.html
afa2df747768979630e283992f5b0389,https://www.17k.com/list/3595593.html
aa92a7a4474acabcd1fdcdcdceb8709e,https://www.17k.com/list/3596994.html
6b87487de4c8a98a3400df7438ab0f98,https://www.17k.com/list/3597388.html
65196188c1bdee672188acaa9d9022a8,https://www.17k.com/list/3596629.html
e1ca0e57858c43316e69b428e624e15a,https://www.17k.com/list/3596127.html
b79221249807f6960d3a0c6381433126,https://www.17k.com/list/3588485.html
42a7e255f3aced093204f6af6765e9f3,https://www.17k.com/list/3588769.html
ac422e49c5ed5b9027b8e82742d00f72,https://www.17k.com/list/3593750.html
e84a9d387a853caca12fc10b44687e8a,https://www.17k.com/list/3590390.html
f8dbea29f16cf8a1f87e787fc6cb7669,https://www.17k.com/list/3596990.html
ee13d3867df5b834de404d1f770765e5,https://www.17k.com/list/3009226.html
a131477f2f15cbf20067f8e80bfb0b9f,https://www.17k.com/list/3594338.html
b2370bd8fa1468d8866a10d96c54b9ed,https://www.17k.com/list/3593399.html
035c70f6f8d8773820f83a14a20614c4,https://www.17k.com/list/582442.html
62dad04d0b90eb7f45acb74e88749294,https://www.17k.com/list/3251839.html
578f4b445822abe43da14d5f874fd59b,https://www.17k.com/list/3580577.html
90f825e35bf2fb527f76a737d70e0787,https://www.17k.com/list/3595306.html
a7f75771494bd38e6022ef6e2a5dd13b,https://www.17k.com/list/3592387.html
fdd72f300af0ce6d6db611556b640fe0,https://www.17k.com/list/3594968.html
b92eebd7ae7708f9919919bf7470c959,https://www.17k.com/list/3594235.html
95ab922b76f8fa38edf4300e6f03d307,https://www.17k.com/list/1554440.html
228677465f9cac41269eed45db3e210b,https://www.17k.com/list/3597479.html
d1d05498885a1873b6667dc1027a0602,https://www.17k.com/list/3540456.html
